Primary Domain,Has SSL,All Domains,Package Labels,Package,Created,Enabled,Disabled Date
47media.co.uk,1,47media.co.uk | simon.47media.co.uk | atg.47media.co.uk | aii.47media.co.uk | st.47media.co.uk | quantum.47media.co.uk,,cPanel,2025-06-04T08:34:59+00:00,1,0
acms-uk.com,0,acms-uk.com | acms-uk.co.uk | chigouk.com,,cPanel,2021-11-04T16:32:49+00:00,1,0
adamscakes.co.uk,1,adamscakes.co.uk,,cPanel,2025-06-04T08:08:05+00:00,1,0
ajoupainteriors.com,1,ajoupainteriors.com | ajoupainteriors.co.uk,,cPanel,2026-01-08T11:10:39+00:00,1,0
almostrecognisable.co.uk,1,almostrecognisable.co.uk | staging.almostrecognisable.co.uk,,cPanel,2024-05-15T16:33:13+00:00,1,0
aluciacourt.co.uk,1,aluciacourt.co.uk,,cPanel,2024-10-02T13:51:06+00:00,1,0
alvservices.co.uk,1,alvservices.co.uk,,cPanel,2025-09-02T09:48:59+00:00,1,0
amronproperties.co.uk,1,amronproperties.co.uk | staging.amronproperties.co.uk,,Wordpress Hosted,2021-11-05T10:39:29+00:00,1,0
animalanticsparties.co.uk,1,animalanticsparties.co.uk,,cPanel,2021-11-03T16:22:30+00:00,1,0
animalhealthefe.co.uk,0,animalhealthefe.co.uk | animalhealthefe.com,,cPanel,2021-11-04T10:48:58+00:00,1,0
armtec-eng.co.uk,1,armtec-eng.co.uk,,cPanel,2021-11-03T10:44:42+00:00,1,0
balasport.co.uk,1,balasport.co.uk | balasport.com | balasport.uk | balasports.co.uk | balasports.uk | staging.balasport.co.uk,,WordPress Unlimited,2022-11-08T13:31:05+00:00,1,0
beacontranslations.co.uk,0,beacontranslations.co.uk,,cPanel,2022-10-12T13:44:39+00:00,1,0
bigchopper.co.uk,0,bigchopper.co.uk,,cPanel,2023-11-09T14:37:54+00:00,1,0
blu-print.co.uk,1,blu-print.co.uk,,cPanel,2021-11-04T17:46:04+00:00,1,0
botanicum.world,1,botanicum.world,,cPanel,2024-11-12T13:19:06+00:00,1,0
carneyconsultancy.co.uk,0,carneyconsultancy.co.uk | certs.carneyconsultancy.co.uk,,cPanel,2024-06-20T14:29:16+00:00,1,0
carsin2cash.com,0,carsin2cash.com,,cPanel,2021-10-22T13:55:34+00:00,1,0
cfedental.co.uk,1,cfedental.co.uk | move.cfedental.co.uk | cfedental.com,,cPanel,2021-11-05T16:04:01+00:00,1,0
cfwprint.co.uk,1,cfwprint.co.uk,,cPanel,2026-01-21T15:47:21+00:00,1,0
charleyboorman.com,1,charleyboorman.com | charleyboorman.co.uk,,cPanel,2021-11-04T22:16:05+00:00,1,0
chcfnorthtyneside.org.uk,0,chcfnorthtyneside.org.uk,,cPanel,2022-11-07T15:59:46+00:00,1,0
cityandsuburb.co.uk,0,cityandsuburb.co.uk | proshare.co.uk | cityandsuburb.com,,cPanel,2023-12-13T11:30:47+00:00,1,0
coastalconnect.uk,1,coastalconnect.uk,,WordPress Unlimited,2026-04-01T14:28:20+00:00,1,0
coffeecupequipment.co.uk,1,coffeecupequipment.co.uk,,cPanel,2025-05-12T13:57:49+00:00,1,0
compass-developments.co.uk,0,compass-developments.co.uk | compassdev.co.uk,,cPanel,2024-07-01T14:22:17+00:00,1,0
cootblack.com,1,cootblack.com,,cPanel,2021-11-01T10:15:24+00:00,1,0
corfuholidayvilla.co.uk,1,corfuholidayvilla.co.uk,,cPanel,2026-01-05T11:16:30+00:00,1,0
cudtomers.synthesis-it.co.uk,0,cudtomers.synthesis-it.co.uk,,cPanel,2026-01-19T09:28:38+00:00,1,0
digitalab.co.uk,0,digitalab.co.uk | mps-photographic.co.uk | dev.digitalab.co.uk | digi-lab.co.uk | digitalphotoprintingblog.co.uk | 20x16.digitalab.co.uk | mail.digitalab.co.uk | digitalab.us,,cPanel,2021-11-01T13:27:22+00:00,1,0
drsurf.co.uk,1,drsurf.co.uk,,cPanel,2026-01-12T11:15:24+00:00,1,0
dura-hose.co.uk,1,dura-hose.co.uk | dura-hose.com,,cPanel,2021-10-22T13:55:37+00:00,1,0
echo-u.co.uk,0,echo-u.co.uk | echo-u.com,,cPanel,2021-11-02T12:12:54+00:00,1,0
emcodoor.co.uk,1,emcodoor.co.uk,,cPanel,2021-11-05T16:04:00+00:00,1,0
energistsolutions.com,0,energistsolutions.com,,cPanel,2025-09-03T13:19:25+00:00,1,0
equible.co.uk,0,equible.co.uk,,cPanel,2021-11-04T14:21:31+00:00,1,0
gowerdough.co.uk,1,gowerdough.co.uk,,cPanel,2025-05-12T13:57:51+00:00,1,0
heatonproperty.com,1,heatonproperty.com | heatonproperty.co.uk | hpbm.co.uk | maintenancebyhp.com | hpref.co.uk,,cPanel,2024-02-01T16:16:09+00:00,1,0
howkelcarpets.co.uk,0,howkelcarpets.co.uk,,cPanel,2025-05-16T16:14:50+00:00,0,0
hurrellbuilding.com,1,hurrellbuilding.com,,cPanel,2025-05-16T16:14:44+00:00,0,0
idpromo.co.uk,0,idpromo.co.uk,,Wordpress Hosted,2022-07-26T10:49:17+00:00,1,0
jagtec.co.uk,0,jagtec.co.uk,,cPanel,2021-11-05T10:19:50+00:00,0,0
jbtsl.co.uk,1,jbtsl.co.uk | jbtsl.com,,cPanel,2021-11-01T11:16:54+00:00,1,0
jcurtisbrickwork.co.uk,1,jcurtisbrickwork.co.uk,,cPanel,2025-05-16T16:14:46+00:00,0,0
jgsawyers.co.uk,1,jgsawyers.co.uk | jgsawyer.co.uk | jgsawyers.com,,cPanel,2021-11-04T17:03:55+00:00,1,0
johncitrone.co.uk,1,johncitrone.co.uk,,cPanel,2021-10-28T11:56:26+00:00,1,0
jpconstruction-ne.co.uk,1,jpconstruction-ne.co.uk,,cPanel,2025-06-18T13:46:13+00:00,1,0
kinwines.co,1,kinwines.co,,cPanel,2024-11-18T12:41:35+00:00,1,0
kitcheners.co.uk,1,kitcheners.co.uk,,Wordpress Hosted,2024-05-21T12:06:41+00:00,1,0
klrplanning.co.uk,0,klrplanning.co.uk,,cPanel,2023-11-08T14:43:04+00:00,0,0
kmonconsulting.com,1,kmonconsulting.com,,cPanel,2025-06-03T12:20:48+00:00,1,0
kztconsultancy.co.uk,0,kztconsultancy.co.uk,,cPanel,2023-11-15T09:31:00+00:00,1,0
lead-the-way.co.uk,0,lead-the-way.co.uk | ltw.co.uk | ltwleads.co.uk,,cPanel,2021-11-10T12:20:34+00:00,1,0
linskill.org,1,linskill.org | staging.linskill.org | linskill-nursery.co.uk | linskill-nursery.com | weddings.linskill.org,,Wordpress Hosted,2022-07-28T14:13:13+00:00,1,0
longsandslodge.co.uk,1,longsandslodge.co.uk | dev.longsandslodge.co.uk | staging.longsandslodge.co.uk,,WordPress Unlimited,2021-11-05T12:44:08+00:00,1,0
lostboyscamps.com,1,lostboyscamps.com,,cPanel,2025-05-16T16:14:45+00:00,1,0
luciacourt.co.uk,0,luciacourt.co.uk,,cPanel,2024-10-02T10:48:02+00:00,1,0
madamewax.com,1,madamewax.com | academy.madamewax.com,,cPanel,2025-05-16T16:14:47+00:00,1,0
manorcare.co.uk,1,manorcare.co.uk,,cPanel,2021-11-01T14:48:20+00:00,1,0
middxhose.com,1,middxhose.com | middxhose.co.uk | staging.middxhose.com,,WordPress Unlimited,2022-02-11T15:45:18+00:00,1,0
mostsensational.com,1,mostsensational.com | melodymakerz.com | caretronics.co.uk,,cPanel,2021-11-01T14:48:26+00:00,0,0
nakb.co.uk,1,nakb.co.uk,,cPanel,2021-11-05T15:12:58+00:00,1,0
nathanwinter.uk,0,nathanwinter.uk | development.nathanwinter.uk | adamscakes.nathanwinter.uk | parkhouse.nathanwinter.uk | madamewax.nathanwinter.uk | nf.nathanwinter.uk,,cPanel,2025-05-16T16:14:57+00:00,0,0
naturalhealthefe.co.uk,1,naturalhealthefe.co.uk | naturalhealthefe.com | staging.naturalhealthefe.co.uk,,WordPress Unlimited,2021-11-04T10:49:01+00:00,1,0
ncpltd.co.uk,1,ncpltd.co.uk | staging.ncpltd.co.uk,,WordPress Unlimited,2020-01-06T12:05:20+00:00,1,0
ncs-holdings.co.uk,1,ncs-holdings.co.uk | ncsssl.co.uk | ncssupportsolutions.co.uk | ncshrs.co.uk,,Enhanced Hosting,2022-04-07T09:42:53+00:00,1,0
ne-studio.co.uk,0,ne-studio.co.uk | ne-glamour.co.uk | ne-fashion.co.uk | ne-beauty.co.uk,,cPanel,2021-11-05T10:16:53+00:00,1,0
netsheriff.co.uk,1,netsheriff.co.uk,,cPanel,2021-10-22T12:24:39+00:00,1,0
nike-tdm.com,1,nike-tdm.com | staging.nike-tdm.com,,Enhanced Hosting,2024-10-31T16:58:07+00:00,1,0
northcourt.co.uk,1,northcourt.co.uk,,cPanel,2025-01-13T15:56:46+00:00,1,0
northeastpine.co.uk,0,northeastpine.co.uk,,cPanel,2021-11-02T10:45:47+00:00,1,0
northpour.com,0,northpour.com | northpour.co.uk | northpour.uk | northpour.co,,cPanel,2021-11-09T12:14:40+00:00,1,0
northpourtech.com,0,northpourtech.com | northpourtech.co.uk | northpourtech.co,,cPanel,2022-02-25T15:10:58+00:00,1,0
partimonkey.co.uk,1,partimonkey.co.uk,,cPanel,2021-11-02T11:07:25+00:00,1,0
peteryates.co.uk,0,peteryates.co.uk | odechair.com | industrialarts.co.uk,,Linux Unlimited,2022-07-21T15:15:11+00:00,1,0
phonebook.synphony.co.uk,0,phonebook.synphony.co.uk,,cPanel,2024-05-10T15:40:53+00:00,1,0
physistherapy.co.uk,1,physistherapy.co.uk | staging.physistherapy.co.uk,,Linux Unlimited,2024-03-25T12:39:32+00:00,1,0
premierguardingsolutions.co.uk,0,premierguardingsolutions.co.uk | pgs.sunset.mysitepreview.co.uk,,cPanel,2025-05-16T16:14:56+00:00,1,0
puntoitalian.co.uk,0,puntoitalian.co.uk,,cPanel,2025-10-24T11:40:54+00:00,1,0
pw.synphonycontacts.co.uk,1,pw.synphonycontacts.co.uk | ts.pw.synphonycontacts.co.uk | cram.pw.synphonycontacts.co.uk | dun.pw.synphonycontacts.co.uk | not.pw.synphonycontacts.co.uk,,cPanel,2024-05-30T14:16:11+00:00,1,0
quantumacademy.co.uk,0,quantumacademy.co.uk,,cPanel,2025-05-16T16:14:49+00:00,1,0
quantumgroupltd.co.uk,1,quantumgroupltd.co.uk,,WordPress Unlimited,2025-05-20T14:21:12+00:00,1,0
quogroup.com,1,quogroup.com,,cPanel,2025-05-16T16:14:39+00:00,1,0
reclaimrefund.co.uk,0,reclaimrefund.co.uk,,cPanel,2023-11-15T09:30:15+00:00,1,0
reliabletradespeople.co.uk,0,reliabletradespeople.co.uk | reliabletradespeople.com,,cPanel,2021-11-01T17:11:40+00:00,1,0
rosh.co.uk,1,rosh.co.uk | staging.rosh.co.uk,,cPanel,2021-11-01T17:31:41+00:00,1,0
sectech-uk.com,1,sectech-uk.com | professionalwitnesses.co | professionalwitness.co | marketing.sectech-uk.com,,cPanel,2021-11-01T14:48:23+00:00,1,0
synage.co.uk,1,synage.co.uk | synage.uk | development.synage.co.uk,,WordPress Unlimited,2021-10-22T11:27:57+00:00,1,0
synhost.co.uk,1,synhost.co.uk | cp.synhost.co.uk | db.synhost.co.uk | webmail.synhost.co.uk | staging.synhost.co.uk,,WordPress Unlimited,2021-10-22T13:30:26+00:00,1,0
synphony.co.uk,1,synphony.co.uk,,cPanel,2021-11-03T15:33:41+00:00,1,0
synphonycontacts.co.uk,1,synphonycontacts.co.uk | hp.synphonycontacts.co.uk | dh.synphonycontacts.co.uk,,cPanel,2024-05-14T12:29:34+00:00,1,0
synstore.co.uk,0,synstore.co.uk | db.synstore.co.uk | cp.synstore.co.uk | webbuilder.synstore.co.uk,,cPanel,2021-10-22T12:24:36+00:00,1,0
synthesis-it.co.uk,1,synthesis-it.co.uk | staging.synthesis-it.co.uk,,Wordpress Hosted,2021-10-22T12:22:09+00:00,1,0
tdm.space,1,tdm.space | tdmspace.co.uk | staging.tdm.space | test.tdm.space,,Enhanced Hosting,2024-11-06T10:34:43+00:00,1,0
ticketsuk.co.uk,0,ticketsuk.co.uk,,Wordpress Hosted,2024-01-06T21:44:07+00:00,1,0
tilia-jesmond.co.uk,1,tilia-jesmond.co.uk,,cPanel,2024-07-10T15:02:53+00:00,0,0
tjisolutions.com,1,tjisolutions.com | tjisolutions.au | tjisolutions.com.au | tjisolutions.co.uk | tts-ltd.com | tjitraining.co.uk | tjitraining.com.au | tjitraining.com,,cPanel,2021-11-04T09:56:03+00:00,1,0
tomdmorgan.com,1,tomdmorgan.com | nf.tomdmorgan.com | staging.tomdmorgan.com,,Enhanced Hosting,2024-11-01T09:16:22+00:00,1,0
tynemouthstationbookfair.co.uk,1,tynemouthstationbookfair.co.uk,,cPanel,2023-02-20T09:52:05+00:00,1,0
valentine-estate.com,0,valentine-estate.com,,cPanel,2025-05-28T10:48:35+00:00,0,0
veteran.dbty.co.uk,0,veteran.dbty.co.uk,,Enhanced Hosting,2026-02-13T12:36:24+00:00,1,0
veylaajewellery.com,0,veylaajewellery.com,,cPanel,2025-05-16T16:14:42+00:00,1,0
victoriatutoring.co.uk,1,victoriatutoring.co.uk,,cPanel,2025-09-12T09:01:56+00:00,1,0
vreo.biz,0,vreo.biz | vreoinnovation.com,,cPanel,2021-11-03T15:49:04+00:00,1,0
whiteboxuk.com,1,whiteboxuk.com,,cPanel,2021-11-03T14:59:43+00:00,1,0
